{"cameraMode":{"drawMode":0,"name":"Shaded","section":"Shading Mode"},"sceneLighting":true,"audioPlay":false,"sceneViewState":{"m_AlwaysRefresh":false,"showFog":true,"showSkybox":true,"showFlares":true,"showImageEffects":true,"showParticleSystems":false,"showVisualEffectGraphs":true,"m_FxEnabled":true},"in2DMode":false,"pivot":{"x":-14.228721618652344,"y":-62.18843460083008,"z":89.14382934570313},"rotation":{"x":-0.282888263463974,"y":0.006327739916741848,"z":-0.0018660719506442547,"w":-0.9591342806816101},"size":62.752662658691409,"orthographic":false}